U_mm,F_lb_kN,F_ub_kN
0.0,0.0,0.0
0.001,0.0333207692307692,0.0442075
0.002,0.0666415384615384,0.088415
0.003,0.0999623076923076,0.1326225
0.004,0.1332830769230769,0.17683
0.005,0.1666038461538461,0.2210375
0.006,0.200556923076923,0.2656566666666666
0.007,0.23451,0.3102758333333333
0.008,0.2684630769230769,0.3548949999999999
0.009,0.3024161538461539,0.3995141666666667
0.01,0.3363692307692308,0.4441333333333333
0.011,0.3709407692307692,0.4891591666666666
0.012,0.4055123076923078,0.5341849999999999
0.013,0.4400838461538462,0.5792108333333333
0.014,0.4746553846153847,0.6242366666666666
0.015,0.5092269230769232,0.6692624999999999
0.016,0.544403076923077,0.7146899999999999
0.017,0.5795792307692309,0.7601175
0.018,0.6147553846153847,0.805545
0.019,0.6499315384615385,0.8509724999999999
0.02,0.6851076923076923,0.8964
0.021,0.7208746153846154,0.9422241666666666
0.022,0.7566415384615384,0.9880483333333332
0.023,0.7924084615384615,1.0338725
0.024,0.8281753846153846,1.0796966666666663
0.025,0.8639423076923077,1.1255208333333333
0.026,0.900286153846154,1.1717366666666666
0.027,0.93663,1.2179524999999998
0.028,0.9729738461538464,1.2641683333333331
0.029,1.0093176923076923,1.310384166666667
0.03,1.0456615384615386,1.3565999999999998
0.031,1.0825684615384616,1.4032025
0.032,1.1194753846153849,1.449805
0.033,1.156382307692308,1.4964075
0.034,1.1932892307692309,1.54301
0.035,1.230196153846154,1.5896125
0.036,1.267652307692308,1.6365966666666667
0.037,1.3051084615384616,1.683580833333333
0.038,1.3425646153846154,1.7305649999999997
0.039,1.380020769230769,1.7775491666666663
0.04,1.417476923076923,1.824533333333333
0.041,1.4554684615384617,1.8718941666666664
0.042,1.4934600000000002,1.919255
0.043,1.5314515384615386,1.9666158333333332
0.044,1.569443076923077,2.0139766666666667
0.045,1.6074346153846155,2.0613375
0.046,1.6459476923076923,2.10907
0.047,1.6844607692307694,2.1568025
0.048,1.7229738461538462,2.204535
0.049,1.7614869230769232,2.2522675
0.05,1.8,2.3
0.051,1.839572076923077,2.348926136363636
0.052,1.879144153846154,2.3978522727272726
0.053,1.9187162307692305,2.4467784090909084
0.054,1.9582883076923077,2.495704545454545
0.055,1.9978603846153844,2.544630681818181
0.056,2.038824923076923,2.5952196969696963
0.057,2.0797894615384616,2.645808712121212
0.058,2.120754,2.696397727272727
0.059,2.1617185384615385,2.7469867424242422
0.06,2.2026830769230767,2.7975757575757574
0.061,2.2447202307692304,2.8492935606060605
0.062,2.2867573846153846,2.9010113636363632
0.063,2.3287945384615383,2.9527291666666664
0.064,2.3708316923076924,3.004446969696969
0.065,2.412868846153846,3.0561647727272723
0.066,2.455658769230769,3.1084772727272725
0.067,2.4984486923076923,3.1607897727272727
0.068,2.541238615384615,3.2131022727272724
0.069,2.5840285384615385,3.2654147727272727
0.07,2.6268184615384613,3.317727272727273
0.071,2.6700413076923075,3.3701003787878787
0.072,2.7132641538461537,3.422473484848485
0.073,2.7564869999999995,3.47484659090909
0.074,2.7997098461538457,3.5272196969696963
0.075,2.842932692307692,3.579592803030302
0.076,2.886268615384615,3.631492424242424
0.077,2.9296045384615383,3.683392045454545
0.078,2.9729404615384616,3.735291666666666
0.079,3.016276384615385,3.787191287878787
0.08,3.059612307692308,3.839090909090909
0.081,3.1027414615384616,3.8899829545454554
0.082,3.145870615384616,3.940875
0.083,3.188999769230769,3.991767045454545
0.084,3.2321289230769232,4.042659090909091
0.085,3.275258076923077,4.0935511363636365
0.086,3.3178606153846157,4.142901515151515
0.087,3.360463153846154,4.192251893939394
0.088,3.403065692307692,4.241602272727272
0.089,3.4456682307692303,4.290952651515151
0.09,3.488270769230769,4.34030303030303
0.091,3.530026846153845,4.387577651515152
0.092,3.5717829230769222,4.434852272727273
0.093,3.613539,4.482126893939394
0.094,3.655295076923076,4.529401515151515
0.095,3.697051153846153,4.576676136363637
0.096,3.7376409230769214,4.621340909090909
0.097,3.778230692307692,4.666005681818182
0.098,3.818820461538461,4.710670454545455
0.099,3.8594102307692304,4.755335227272727
0.1,3.9,4.8
0.101,3.940178983065199,4.843065940578072
0.102,3.980357966130398,4.886131881156144
0.103,4.020536949195598,4.929197821734216
0.104,4.060715932260797,4.972263762312288
0.105,4.100894915325995,5.01532970289036
0.106,4.141423427603725,5.057985086387856
0.107,4.181951939881456,5.100640469885354
0.108,4.222480452159187,5.143295853382851
0.109,4.263008964436918,5.185951236880348
0.11,4.303537476714649,5.228606620377845
0.111,4.344102862828112,5.270583243985144
0.112,4.384668248941575,5.312559867592443
0.113,4.425233635055038,5.354536491199742
0.114,4.465799021168501,5.39651311480704
0.115,4.506364407281964,5.438489738414339
0.116,4.54665401185436,5.479519399321815
0.117,4.5869436164267565,5.520549060229292
0.118,4.627233220999153,5.561578721136768
0.119,4.667522825571549,5.602608382044244
0.12,4.707812430143945,5.64363804295172
0.121,4.747513597798475,5.68345253834975
0.122,4.7872147654530055,5.72326703374778
0.123,4.826915933107535,5.7630815291458095
0.124,4.866617100762065,5.80289602454384
0.125,4.906318268416595,5.842710519941869
0.126,4.94511834377646,5.8810416470208295
0.127,4.983918419136325,5.91937277409979
0.128,5.022718494496189,5.957703901178751
0.129,5.061518569856054,5.996035028257711
0.13,5.100318645215919,6.034366155336671
0.131,5.137904972904319,6.070945711286938
0.132,5.175491300592718,6.107525267237205
0.133,5.213077628281118,6.144104823187471
0.134,5.250663955969517,6.1806843791377375
0.135,5.288250283657917,6.217263935088004
0.136,5.324310208298053,6.251823717099953
0.137,5.360370132938188,6.286383499111902
0.138,5.396430057578324,6.32094328112385
0.139,5.432489982218459,6.355503063135799
0.14,5.468549906858595,6.390062845147748
0.141,5.502770773073667,6.422334650411756
0.142,5.536991639288739,6.454606455675764
0.143,5.571212505503811,6.486878260939771
0.144,5.605433371718883,6.519150066203779
0.145,5.6396542379339545,6.551421871467786
0.146,5.671723390347164,6.581137497174229
0.147,5.703792542760373,6.610853122880672
0.148,5.735861695173582,6.640568748587115
0.149,5.767930847586791,6.670284374293558
0.15,5.8,6.7
0.151,5.832184031572901,6.728162635831375
0.152,5.864368063145802,6.7563252716627495
0.153,5.896552094718704,6.784487907494125
0.154,5.9287361262916045,6.812650543325499
0.155,5.960920157864506,6.840813179156874
0.156,5.994095146809318,6.868084575775518
0.157,6.02727013575413,6.895355972394161
0.158,6.0604451246989415,6.922627369012805
0.159,6.0936201136437536,6.949898765631448
0.16,6.126795102588566,6.977170162250092
0.161,6.158562621404485,7.00276995831614
0.162,6.1903301402204045,7.028369754382188
0.163,6.222097659036325,7.053969550448237
0.164,6.253865177852244,7.079569346514285
0.165,6.285632696668164,7.105169142580333
0.166,6.313594317854387,7.128316976753922
0.167,6.34155593904061,7.151464810927512
0.168,6.369517560226834,7.1746126451011
0.169,6.397479181413057,7.19776047927469
0.17,6.42544080259928,7.2209083134482785
0.171,6.447198098655004,7.240823824389545
0.172,6.468955394710728,7.26073933533081
0.173,6.490712690766451,7.280654846272077
0.174,6.512469986822175,7.300570357213343
0.175,6.534227282877898,7.320485868154608
0.176,6.547381826302318,7.336388694523687
0.177,6.560536369726738,7.352291520892765
0.178,6.573690913151159,7.368194347261843
0.179,6.586845456575579,7.384097173630922
0.18,6.6,7.4
0.181,6.607655201342282,7.413920454545455
0.182,6.615310402684564,7.427840909090909
0.183,6.622965604026846,7.441761363636364
0.184,6.630620805369128,7.455681818181818
0.185,6.63827600671141,7.469602272727273
0.186,6.6446476510067125,7.4825
0.187,6.651019295302014,7.495397727272727
0.188,6.657390939597316,7.508295454545455
0.189,6.663762583892617,7.521193181818182
0.19,6.670134228187919,7.534090909090909
0.191,6.674492449664429,7.543579545454545
0.192,6.67885067114094,7.553068181818181
0.193,6.68320889261745,7.562556818181817
0.194,6.6875671140939605,7.572045454545454
0.195,6.69192533557047,7.58153409090909
0.196,6.693540268456377,7.585227272727272
0.197,6.695155201342282,7.588920454545454
0.198,6.6967701342281885,7.592613636363636
0.199,6.698385067114094,7.596306818181818
0.2,6.7,7.6
0.201,6.695051591981132,7.598602398523985
0.202,6.690103183962265,7.59720479704797
0.203,6.6851547759433965,7.595807195571956
0.204,6.680206367924528,7.594409594095941
0.205,6.675257959905661,7.593011992619926
0.206,6.661633254716981,7.589082103321033
0.207,6.648008549528302,7.58515221402214
0.208,6.634383844339623,7.581222324723248
0.209,6.620759139150944,7.577292435424354
0.21,6.607134433962265,7.573362546125462
0.211,6.586664209905661,7.567294741697418
0.212,6.566193985849057,7.561226937269373
0.213,6.545723761792453,7.555159132841329
0.214,6.525253537735849,7.549091328413284
0.215,6.504783313679245,7.54302352398524
0.216,6.479298349056603,7.535212177121771
0.217,6.453813384433962,7.527400830258302
0.218,6.42832841981132,7.519589483394833
0.219,6.40284345518868,7.511778136531364
0.22,6.377358490566038,7.503966789667896
0.221,6.348689563679245,7.494806273062729
0.222,6.320020636792452,7.485645756457564
0.223,6.29135170990566,7.476485239852398
0.224,6.262682783018867,7.467324723247232
0.225,6.234013856132075,7.458164206642066
0.226,6.203991745283018,7.44804889298893
0.227,6.173969634433962,7.437933579335793
0.228,6.143947523584905,7.427818265682657
0.229,6.113925412735849,7.417702952029519
0.23,6.083903301886792,7.407587638376383
0.231,6.054358785377358,7.396911900369003
0.232,6.024814268867924,7.386236162361623
0.233,5.99526975235849,7.375560424354242
0.234,5.965725235849055,7.364884686346862
0.235,5.936180719339621,7.354208948339482
0.236,5.908944575471697,7.343367158671586
0.237,5.881708431603772,7.332525369003689
0.238,5.854472287735848,7.321683579335793
0.239,5.827236143867924,7.310841789667896
0.24,5.8,7.3
0.241,5.772946230511337,7.287446196372274
0.242,5.745892461022675,7.274892392744549
0.243,5.718838691534011,7.262338589116823
0.244,5.691784922045349,7.249784785489099
0.245,5.664731152556686,7.237230981861373
0.246,5.6349513177298,7.221466954711921
0.247,5.605171482902913,7.205702927562468
0.248,5.575391648076026,7.189938900413015
0.249,5.545611813249139,7.174174873263563
0.25,5.515831978422253,7.15841084611411
0.251,5.483983194376173,7.13990259724278
0.252,5.4521344103300935,7.1213943483714495
0.253,5.420285626284014,7.102886099500118
0.254,5.388436842237934,7.084377850628788
0.255,5.356588058191854,7.065869601757457
0.256,5.323327441045612,7.0450831329640975
0.257,5.29006682389937,7.024296664170737
0.258,5.256806206753128,7.003510195377377
0.259,5.223545589606886,6.982723726584016
0.26,5.190284972460644,6.961937257790656
0.261,5.15626963833327,6.9393385708751145
0.262,5.122254304205895,6.916739883959573
0.263,5.088238970078521,6.894141197044032
0.264,5.054223635951146,6.87154251012849
0.265,5.020208301823772,6.848943823212949
0.266,4.986095366834297,6.824998919975075
0.267,4.9519824318448205,6.801054016737201
0.268,4.917869496855345,6.777109113499326
0.269,4.8837565618658685,6.753164210261452
0.27,4.849643626876393,6.729219307023578
0.271,4.816090207143846,6.704394189263219
0.272,4.782536787411299,6.679569071502861
0.273,4.748983367678752,6.654743953742503
0.274,4.715429947946205,6.629918835982145
0.275,4.6818765282136585,6.605093718221786
0.276,4.649539739857072,6.579854387738792
0.277,4.617202951500484,6.554615057255798
0.278,4.5848661631438965,6.529375726772804
0.279,4.552529374787309,6.50413639628981
0.28,4.5201925864307215,6.478897065806816
0.281,4.489729545569124,6.4537095244010345
0.282,4.459266504707526,6.428521982995252
0.283,4.428803463845928,6.403334441589471
0.284,4.39834042298433,6.3781469001836895
0.285,4.367877382122733,6.352959358777907
0.286,4.339945204875156,6.328289608249188
0.287,4.31201302762758,6.303619857720468
0.288,4.284080850380003,6.278950107191748
0.289,4.2561486731324285,6.254280356663029
0.29,4.228216495884852,6.22961060613431
0.291,4.203472298370326,6.2059246482825
0.292,4.1787281008558,6.182238690430689
0.293,4.153983903341274,6.15855273257888
0.294,4.129239705826747,6.134866774727069
0.295,4.104495508312222,6.111180816875259
0.296,4.083596406649777,6.088944653500207
0.297,4.062697304987333,6.066708490125156
0.298,4.0417982033248885,6.044472326750103
0.299,4.020899101662445,6.022236163375052
0.3,4.0,6.0
0.301,3.9815763426853703,5.9783670524364405
0.302,3.9631526853707415,5.956734104872881
0.303,3.944729028056112,5.935101157309322
0.304,3.926305370741483,5.913468209745763
0.305,3.9078817134268538,5.891835262182203
0.306,3.890116091129628,5.869710349576272
0.307,3.8723504688324017,5.84758543697034
0.308,3.854584846535176,5.825460524364407
0.309,3.83681922423795,5.803335611758475
0.31,3.819053601940724,5.781210699152543
0.311,3.8019314940407134,5.758686920021186
0.312,3.784809386140703,5.736163140889831
0.313,3.767687278240692,5.713639361758474
0.314,3.750565170340681,5.691115582627119
0.315,3.7334430624406703,5.6685918034957625
0.316,3.716949948317688,5.645762256355932
0.317,3.700456834194705,5.622932709216101
0.318,3.683963720071722,5.600103162076271
0.319,3.6674706059487394,5.57727361493644
0.32,3.6509774918257567,5.55444406779661
0.321,3.635098850859614,5.531401851165255
0.322,3.619220209893471,5.508359634533899
0.323,3.603341568927328,5.485317417902542
0.324,3.587462927961185,5.462275201271186
0.325,3.5715842869950425,5.439232984639831
0.326,3.556305598565552,5.416071197033898
0.327,3.541026910136061,5.392909409427966
0.328,3.525748221706571,5.369747621822034
0.329,3.5104695332770803,5.346585834216102
0.33,3.4951908448475897,5.323424046610169
0.331,3.480497588334564,5.30023578654661
0.332,3.4658043318215377,5.2770475264830505
0.333,3.451111075308512,5.253859266419491
0.334,3.4364178187954857,5.230671006355932
0.335,3.42172456228246,5.2074827462923725
0.336,3.4076022170657105,5.184361112288135
0.337,3.393479871848961,5.161239478283898
0.338,3.379357526632212,5.13811784427966
0.339,3.365235181415462,5.114996210275423
0.34,3.3511128361987126,5.091874576271185
0.341,3.337546881658052,5.068912666843219
0.342,3.323980927117392,5.045950757415253
0.343,3.310414972576732,5.022988847987286
0.344,3.296849018036071,5.00002693855932
0.345,3.2832830634954107,4.977065029131354
0.346,3.270258979010652,4.954355942796608
0.347,3.257234894525893,4.931646856461862
0.348,3.244210810041134,4.908937770127117
0.349,3.231186725556375,4.886228683792371
0.35,3.218162641071616,4.863519597457626
0.351,3.2056659060225705,4.841156432733049
0.352,3.1931691709735257,4.818793268008474
0.353,3.18067243592448,4.796430103283899
0.354,3.1681757008754348,4.774066938559322
0.355,3.155678965826389,4.7517037738347465
0.356,3.14369505959287,4.729779629237289
0.357,3.1317111533593502,4.707855484639831
0.358,3.119727247125831,4.685931340042374
0.359,3.1077433408923114,4.664007195444916
0.36,3.095759434658792,4.642083050847458
0.361,3.0842738366206106,4.620691024894068
0.362,3.072788238582429,4.599298998940679
0.363,3.061302640544247,4.5779069729872885
0.364,3.0498170425060653,4.556514947033899
0.365,3.038331444467884,4.535122921080509
0.366,3.027329634004853,4.514356112288136
0.367,3.016327823541821,4.493589303495764
0.368,3.0053260130787898,4.47282249470339
0.369,2.994324202615758,4.452055685911017
0.37,2.983322392152727,4.431288877118645
0.371,2.9727898486446582,4.411240384004238
0.372,2.962257305136589,4.391191890889831
0.373,2.9517247616285207,4.371143397775424
0.374,2.941192218120452,4.351094904661018
0.375,2.930659674612383,4.331046411546611
0.376,2.9205818774390893,4.311809332627119
0.377,2.9105040802657958,4.292572253707627
0.378,2.900426283092501,4.273335174788136
0.379,2.890348485919207,4.2540980958686445
0.38,2.880270688745913,4.234861016949153
0.381,2.870633117287206,4.216528450741525
0.382,2.8609955458284992,4.198195884533899
0.383,2.851357974369792,4.179863318326271
0.384,2.8417204029110854,4.161530752118645
0.385,2.8320828314523783,4.143198185911017
0.386,2.822870965088071,4.125863230932204
0.387,2.8136590987237637,4.108528275953391
0.388,2.804447232359456,4.091193320974576
0.389,2.7952353659951483,4.073858365995763
0.39,2.786023499630841,4.05652341101695
0.391,2.777222817740745,4.040279165783899
0.392,2.768422135850649,4.024034920550848
0.393,2.759621453960553,4.007790675317797
0.394,2.750820772070457,3.9915464300847465
0.395,2.742020090180361,3.975302184851696
0.396,2.733616072144289,3.9602417478813567
0.397,2.7252120541082165,3.9451813109110176
0.398,2.7168080360721447,3.930120873940678
0.399,2.7084040180360724,3.915060436970339
0.4,2.7,3.9
0.401,2.691979090909091,3.885743979779412
0.402,2.683958181818182,3.871487959558823
0.403,2.675937272727273,3.8572319393382353
0.404,2.667916363636364,3.842975919117647
0.405,2.6598954545454543,3.8287198988970585
0.406,2.6522371291866027,3.81482481617647
0.407,2.644578803827751,3.800929733455882
0.408,2.636920478468899,3.787034650735293
0.409,2.6292621531100475,3.7731395680147046
0.41,2.621603827751196,3.759244485294116
0.411,2.6142831100478463,3.745707306985293
0.412,2.606962392344497,3.7321701286764695
0.413,2.5996416746411475,3.7186329503676463
0.414,2.5923209569377983,3.705095772058823
0.415,2.5850002392344487,3.691558593749999
0.416,2.577992153110047,3.6783762867647054
0.417,2.5709840669856456,3.665193979779412
0.418,2.563975980861244,3.652011672794118
0.419,2.556967894736842,3.638829365808824
0.42,2.5499598086124404,3.62564705882353
0.421,2.5432393779904308,3.6128165900735296
0.422,2.536518947368421,3.5999861213235294
0.423,2.529798516746412,3.587155652573529
0.424,2.523078086124402,3.5743251838235293
0.425,2.5163576555023925,3.561494715073529
0.426,2.5098999043062205,3.549013051470588
0.427,2.5034421531100484,3.536531387867647
0.428,2.4969844019138763,3.524049724264706
0.429,2.490526650717704,3.511568060661765
0.43,2.484068899521532,3.499086397058824
0.431,2.477848851674642,3.4869505055147063
0.432,2.471628803827752,3.474814613970589
0.433,2.465408755980862,3.462678722426471
0.434,2.459188708133972,3.4505428308823536
0.435,2.4529686602870817,3.438406939338236
0.436,2.446961339712919,3.426613786764706
0.437,2.4409540191387564,3.4148206341911767
0.438,2.4349466985645933,3.403027481617647
0.439,2.4289393779904307,3.3912343290441176
0.44,2.422932057416268,3.379441176470588
0.441,2.4171124880382777,3.3679877297794114
0.442,2.4112929186602874,3.356534283088235
0.443,2.4054733492822966,3.3450808363970586
0.444,2.3996537799043063,3.333627389705882
0.445,2.393834210526316,3.3221739430147057
0.446,2.388177416267943,3.311057169117647
0.447,2.3825206220095696,3.299940395220588
0.448,2.3768638277511966,3.2888236213235293
0.449,2.3712070334928232,3.2777068474264706
0.45,2.3655502392344503,3.266590073529412
0.451,2.3600312440191398,3.2558069393382354
0.452,2.354512248803828,3.2450238051470586
0.453,2.348993253588517,3.234240670955882
0.454,2.3434742583732056,3.2234575367647054
0.455,2.3379552631578946,3.212674402573529
0.456,2.3325490909090907,3.202221875
0.457,2.3271429186602868,3.19176934742647
0.458,2.3217367464114838,3.181316819852941
0.459,2.3163305741626794,3.1708642922794112
0.46,2.3109244019138755,3.160411764705882
0.461,2.305606076555024,3.1502868106617643
0.462,2.300287751196172,3.1401618566176466
0.463,2.294969425837321,3.130036902573529
0.464,2.2896511004784688,3.119911948529411
0.465,2.284332775119617,3.1097869944852934
0.466,2.2790773205741623,3.0999865808823523
0.467,2.273821866028708,3.0901861672794118
0.468,2.268566411483253,3.08038575367647
0.469,2.2633109569377985,3.070585340073529
0.47,2.258055502392344,3.060784926470588
0.471,2.2528379425837315,3.051306020220588
0.472,2.247620382775119,3.041827113970588
0.473,2.2424028229665067,3.032348207720588
0.474,2.2371852631578943,3.022869301470588
0.475,2.231967703349281,3.013390395220588
0.476,2.2267630622009564,3.0042299632352933
0.477,2.221558421052632,2.9950695312499995
0.478,2.2163537799043063,2.9859090992647053
0.479,2.211149138755981,2.976748667279411
0.48,2.205944497607656,2.9675882352941176
0.481,2.2007277990430625,2.958743244485294
0.482,2.1955111004784693,2.94989825367647
0.483,2.190294401913876,2.941053262867647
0.484,2.1850777033492825,2.932208272058824
0.485,2.179861004784689,2.92336328125
0.486,2.1746072727272727,2.9148306985294115
0.487,2.1693535406698565,2.9062981158088235
0.488,2.16409980861244,2.897765533088235
0.489,2.158846076555024,2.889232950367647
0.49,2.1535923444976075,2.8807003676470586
0.491,2.1482766028708133,2.8724771599264702
0.492,2.142960861244019,2.864253952205882
0.493,2.1376451196172246,2.856030744485294
0.494,2.1323293779904304,2.847807536764705
0.495,2.1270136363636363,2.839584329044117
0.496,2.121610909090909,2.8316674632352936
0.497,2.1162081818181817,2.82375059742647
0.498,2.1108054545454547,2.815833731617647
0.499,2.105402727272727,2.8079168658088234
0.5,2.1,2.8
0.501,2.0945303977272727,2.792350352941176
0.502,2.0890607954545457,2.7847007058823525
0.503,2.0835911931818183,2.7770510588235293
0.504,2.0781215909090918,2.7694014117647057
0.505,2.072651988636364,2.761751764705882
0.506,2.067160227272728,2.7543265882352936
0.507,2.061668465909091,2.7469014117647057
0.508,2.056176704545454,2.7394762352941173
0.509,2.050684943181818,2.7320510588235294
0.51,2.0451931818181817,2.724625882352941
0.511,2.039691193181818,2.7174167058823526
0.512,2.0341892045454544,2.710207529411764
0.513,2.0286872159090907,2.7029983529411763
0.514,2.023185227272727,2.695789176470588
0.515,2.0176832386363635,2.6885799999999995
0.516,2.0121829545454544,2.6815783529411763
0.517,2.0066826704545453,2.6745767058823526
0.518,2.001182386363636,2.6675750588235294
0.519,1.9956821022727271,2.6605734117647057
0.52,1.990181818181818,2.6535717647058825
0.521,1.9846951704545448,2.6467691764705883
0.522,1.9792085227272729,2.639966588235294
0.523,1.973721875,2.633164
0.524,1.9682352272727277,2.6263614117647056
0.525,1.9627485795454545,2.6195588235294114
0.526,1.9572875,2.6129468235294118
0.527,1.9518264204545448,2.606334823529412
0.528,1.9463653409090909,2.599722823529412
0.529,1.9409042613636365,2.593110823529412
0.53,1.9354431818181816,2.586498823529412
0.531,1.9300196022727272,2.580068941176471
0.532,1.9245960227272727,2.5736390588235296
0.533,1.919172443181818,2.567209176470588
0.534,1.9137488636363635,2.560779294117647
0.535,1.908325284090909,2.5543494117647056
0.536,1.902951136363636,2.548093176470588
0.537,1.897576988636364,2.5418369411764705
0.538,1.8922028409090907,2.5355807058823525
0.539,1.886828693181818,2.529324470588235
0.54,1.8814545454545453,2.5230682352941174
0.541,1.876141761363636,2.516977176470588
0.542,1.8708289772727271,2.5108861176470585
0.543,1.865516193181818,2.5047950588235293
0.544,1.860203409090909,2.498704
0.545,1.854890625,2.4926129411764704
0.546,1.8496511363636363,2.4866785882352938
0.547,1.8444116477272725,2.4807442352941176
0.548,1.839172159090909,2.474809882352941
0.549,1.833932670454545,2.468875529411765
0.55,1.8286931818181813,2.462941176470588
0.551,1.823538920454545,2.4571550588235294
0.552,1.818384659090909,2.4513689411764705
0.553,1.8132303977272728,2.445582823529412
0.554,1.8080761363636364,2.439796705882353
0.555,1.802921875,2.434010588235294
0.556,1.7978647727272727,2.4283642352941177
0.557,1.7928076704545457,2.422717882352941
0.558,1.7877505681818182,2.4170715294117646
0.559,1.782693465909091,2.411425176470588
0.56,1.7776363636363637,2.4057788235294115
0.561,1.7726883522727273,2.400263764705882
0.562,1.7677403409090908,2.394748705882353
0.5630000000000001,1.7627923295454544,2.389233647058824
0.5640000000000001,1.757844318181818,2.3837185882352943
0.5650000000000001,1.7528963068181815,2.3782035294117647
0.5660000000000001,1.748069318181818,2.372811294117647
0.5670000000000001,1.7432423295454544,2.367419058823529
0.5680000000000001,1.7384153409090908,2.3620268235294115
0.5690000000000001,1.7335883522727271,2.356634588235294
0.5700000000000001,1.7287613636363637,2.3512423529411763
0.5710000000000001,1.7240673295454545,2.345964470588235
0.5720000000000001,1.719373295454545,2.3406865882352936
0.5730000000000001,1.7146792613636364,2.3354087058823527
0.5740000000000001,1.7099852272727272,2.330130823529412
0.5750000000000001,1.705291193181818,2.32485294117647
0.5760000000000001,1.7007420454545452,2.31968094117647
0.577,1.696192897727273,2.314508941176471
0.578,1.6916437500000003,2.309336941176471
0.579,1.6870946022727276,2.304164941176471
0.58,1.6825454545454548,2.298992941176471
0.581,1.678153125,2.293918352941177
0.582,1.6737607954545457,2.2888437647058826
0.583,1.6693684659090908,2.2837691764705887
0.584,1.6649761363636362,2.2786945882352945
0.585,1.6605838068181815,2.27362
0.586,1.6563602272727271,2.2686343529411768
0.587,1.6521366477272728,2.2636487058823533
0.588,1.6479130681818182,2.258663058823529
0.589,1.6436894886363638,2.253677411764706
0.59,1.6394659090909094,2.2486917647058826
0.591,1.6354230113636363,2.2437865882352943
0.592,1.631380113636364,2.238881411764706
0.593,1.627337215909091,2.2339762352941177
0.594,1.6232943181818185,2.2290710588235294
0.595,1.6192514204545456,2.224165882352941
0.596,1.6154011363636365,2.219332705882353
0.597,1.611550852272727,2.2144995294117646
0.598,1.6077005681818184,2.2096663529411766
0.599,1.6038502840909092,2.204833176470588
0.6,1.6,2.2
0.601,1.5963101704545457,2.195278
0.602,1.5926203409090909,2.190556
0.603,1.5889305113636365,2.1858340000000003
0.604,1.585240681818182,2.181112
0.605,1.5815508522727273,2.17639
0.606,1.5779765909090908,2.171816
0.607,1.5744023295454543,2.167242
0.608,1.570828068181818,2.162668
0.609,1.5672538068181816,2.158094
0.61,1.5636795454545451,2.15352
0.611,1.560213693181818,2.149082
0.612,1.556747840909091,2.144644
0.613,1.5532819886363636,2.140206
0.614,1.5498161363636362,2.135768
0.615,1.5463502840909091,2.13133
0.616,1.5429856818181815,2.127016
0.617,1.5396210795454546,2.1227020000000003
0.618,1.5362564772727272,2.118388
0.619,1.532891875,2.114074
0.62,1.5295272727272726,2.10976
0.621,1.5262567613636362,2.1055580000000003
0.622,1.52298625,2.101356
0.623,1.5197157386363636,2.097154
0.624,1.5164452272727271,2.092952
0.625,1.513174715909091,2.08875
0.626,1.5099911363636365,2.084648
0.627,1.5068075568181818,2.080546
0.628,1.5036239772727271,2.0764440000000004
0.629,1.500440397727273,2.0723420000000004
0.63,1.4972568181818182,2.0682400000000003
0.631,1.4941530113636363,2.064226
0.632,1.4910492045454546,2.0602120000000004
0.633,1.4879453977272727,2.056198
0.634,1.484841590909091,2.0521840000000005
0.635,1.4817377840909092,2.0481700000000003
0.636,1.478706590909091,2.044232
0.637,1.4756753977272727,2.0402940000000003
0.638,1.4726442045454546,2.036356
0.639,1.4696130113636363,2.0324180000000003
0.64,1.4665818181818182,2.02848
0.641,1.4636160795454545,2.024606
0.642,1.4606503409090907,2.020732
0.643,1.4576846022727272,2.016858
0.644,1.4547188636363635,2.0129840000000003
0.645,1.4517531249999998,2.00911
0.646,1.4488456818181816,2.005288
0.647,1.4459382386363635,2.001466
0.648,1.4430307954545454,1.997644
0.649,1.4401233522727273,1.993822
0.65,1.4372159090909091,1.99
0.651,1.4343596022727274,1.986218
0.652,1.4315032954545457,1.982436
0.653,1.4286469886363635,1.978654
0.654,1.4257906818181818,1.974872
0.655,1.422934375,1.97109
0.656,1.4201220454545456,1.967336
0.657,1.4173097159090908,1.963582
0.658,1.4144973863636363,1.959828
0.659,1.4116850568181816,1.956074
0.66,1.408872727272727,1.95232
0.661,1.4060972159090908,1.948582
0.662,1.4033217045454545,1.944844
0.663,1.400546193181818,1.941106
0.664,1.3977706818181816,1.937368
0.665,1.3949951704545454,1.93363
0.666,1.392249318181818,1.929896
0.667,1.3895034659090908,1.926162
0.668,1.3867576136363635,1.922428
0.669,1.3840117613636362,1.918694
0.67,1.381265909090909,1.91496
0.671,1.3785425568181815,1.911218
0.672,1.3758192045454545,1.907476
0.673,1.373095852272727,1.903734
0.674,1.3703724999999995,1.899992
0.675,1.3676491477272723,1.89625
0.676,1.364941136363636,1.892488
0.677,1.3622331249999995,1.888726
0.678,1.3595251136363633,1.884964
0.679,1.3568171022727271,1.881202
0.68,1.3541090909090907,1.87744
0.681,1.351409261363636,1.873646
0.682,1.3487094318181816,1.869852
0.683,1.346009602272727,1.866058
0.684,1.3433097727272725,1.862264
0.685,1.340609943181818,1.85847
0.686,1.3379111363636362,1.854632
0.687,1.3352123295454543,1.850794
0.6880000000000001,1.3325135227272726,1.846956
0.6890000000000001,1.3298147159090907,1.843118
0.6900000000000001,1.327115909090909,1.83928
0.6910000000000001,1.3244109659090908,1.835386
0.6920000000000001,1.3217060227272726,1.831492
0.6930000000000001,1.3190010795454543,1.827598
0.6940000000000001,1.316296136363636,1.823704
0.6950000000000001,1.3135911931818178,1.81981
0.6960000000000001,1.3108729545454545,1.815848
0.6970000000000001,1.3081547159090907,1.811886
0.6980000000000001,1.305436477272727,1.807924
0.6990000000000001,1.3027182386363634,1.803962
0.7000000000000001,1.2999999999999998,1.7999999999999996
0.7010000000000001,1.297265198863636,1.7959561538461537
0.7020000000000001,1.2945303977272726,1.7919123076923074
0.7030000000000001,1.291795596590909,1.787868461538461
0.704,1.2890607954545457,1.7838246153846151
0.705,1.286325994318182,1.7797807692307692
0.706,1.2835801136363638,1.7756584615384614
0.707,1.2808342329545457,1.7715361538461538
0.708,1.278088352272727,1.767413846153846
0.709,1.275342471590909,1.7632915384615384
0.71,1.2725965909090908,1.7591692307692306
0.711,1.269845596590909,1.7549823076923077
0.712,1.2670946022727272,1.7507953846153843
0.713,1.2643436079545451,1.7466084615384614
0.714,1.261592613636363,1.7424215384615382
0.715,1.2588416193181815,1.738234615384615
0.716,1.256091477272727,1.733996923076923
0.717,1.2533413352272724,1.7297592307692309
0.718,1.250591193181818,1.7255215384615386
0.719,1.2478410511363636,1.7212838461538462
0.72,1.245090909090909,1.717046153846154
0.721,1.2423475852272727,1.7127715384615387
0.722,1.2396042613636364,1.7084969230769231
0.723,1.2368609375,1.7042223076923078
0.724,1.234117613636364,1.6999476923076922
0.725,1.2313742897727276,1.6956730769230768
0.726,1.2286437500000005,1.6913753846153845
0.727,1.225913210227273,1.6870776923076922
0.728,1.2231826704545457,1.68278
0.729,1.2204521306818183,1.6784823076923077
0.73,1.217721590909091,1.6741846153846154
0.731,1.2150098011363637,1.6698776923076923
0.732,1.2122980113636366,1.6655707692307693
0.733,1.2095862215909092,1.661263846153846
0.734,1.206874431818182,1.656956923076923
0.735,1.2041626420454548,1.65265
0.736,1.2014755681818183,1.6483476923076923
0.737,1.198788494318182,1.6440453846153846
0.738,1.1961014204545457,1.639743076923077
0.739,1.1934143465909093,1.6354407692307693
0.74,1.1907272727272729,1.6311384615384616
0.741,1.1880708806818183,1.6268546153846155
0.742,1.1854144886363638,1.6225707692307694
0.743,1.182758096590909,1.618286923076923
0.744,1.1801017045454545,1.6140030769230769
0.745,1.1774453125,1.6097192307692307
0.746,1.174825568181818,1.6054676923076925
0.747,1.1722058238636364,1.6012161538461538
0.748,1.1695860795454545,1.596964615384615
0.749,1.1669663352272728,1.5927130769230768
0.75,1.1643465909090909,1.5884615384615384
0.751,1.1617694602272728,1.584256153846154
0.752,1.1591923295454545,1.5800507692307693
0.753,1.1566151988636364,1.5758453846153848
0.754,1.154038068181818,1.57164
0.755,1.1514609375,1.5674346153846157
0.756,1.1489323863636365,1.563289230769231
0.757,1.1464038352272727,1.5591438461538465
0.758,1.1438752840909092,1.5549984615384618
0.759,1.1413467329545457,1.550853076923077
0.76,1.138818181818182,1.5467076923076923
0.761,1.1363441761363635,1.542636153846154
0.762,1.1338701704545455,1.5385646153846155
0.763,1.1313961647727273,1.534493076923077
0.764,1.128922159090909,1.5304215384615385
0.765,1.1264481534090909,1.52635
0.766,1.1240346590909092,1.522366153846154
0.767,1.1216211647727272,1.5183823076923078
0.768,1.1192076704545455,1.5143984615384616
0.769,1.1167941761363636,1.5104146153846154
0.77,1.1143806818181818,1.5064307692307692
0.771,1.1120336647727274,1.5025484615384617
0.772,1.1096866477272729,1.498666153846154
0.773,1.1073396306818182,1.4947838461538463
0.774,1.1049926136363637,1.4909015384615385
0.775,1.1026455965909092,1.487019230769231
0.776,1.100371022727273,1.483252307692308
0.777,1.0980964488636364,1.4794853846153848
0.778,1.0958218750000002,1.4757184615384615
0.779,1.0935473011363637,1.4719515384615385
0.78,1.0912727272727274,1.4681846153846154
0.781,1.0890765625,1.4645469230769232
0.782,1.0868803977272727,1.4609092307692308
0.783,1.0846842329545456,1.457271538461539
0.784,1.0824880681818183,1.4536338461538465
0.785,1.080291903409091,1.449996153846154
0.786,1.0781801136363638,1.4465015384615387
0.787,1.0760683238636364,1.4430069230769234
0.788,1.0739565340909092,1.4395123076923078
0.789,1.0718447443181818,1.4360176923076924
0.79,1.0697329545454546,1.432523076923077
0.791,1.0677115056818185,1.4291853846153846
0.792,1.065690056818182,1.4258476923076924
0.793,1.0636686079545454,1.42251
0.794,1.0616471590909091,1.4191723076923075
0.795,1.0596257102272728,1.4158346153846153
0.796,1.0577005681818183,1.4126676923076922
0.797,1.0557754261363637,1.409500769230769
0.798,1.0538502840909092,1.4063338461538462
0.799,1.0519251420454545,1.403166923076923
0.8,1.05,1.4
0.801,1.0481259375,1.396928434065934
0.802,1.046251875,1.3938568681318682
0.803,1.0443778125,1.390785302197802
0.804,1.04250375,1.3877137362637362
0.805,1.0406296875,1.3846421703296703
0.806,1.03876125,1.3815862637362637
0.807,1.0368928125,1.378530357142857
0.808,1.035024375,1.3754744505494505
0.809,1.0331559375,1.372418543956044
0.81,1.0312875,1.3693626373626373
0.811,1.0294303125,1.3663298076923076
0.812,1.027573125,1.363296978021978
0.8130000000000001,1.0257159375,1.3602641483516482
0.8140000000000001,1.02385875,1.3572313186813183
0.8150000000000001,1.0220015625,1.3541984890109888
0.8160000000000001,1.02016125,1.3511961538461537
0.8170000000000001,1.0183209375,1.3481938186813185
0.8180000000000001,1.016480625,1.345191483516483
0.8190000000000001,1.0146403125,1.3421891483516482
0.8200000000000001,1.0128,1.339186813186813
0.8210000000000001,1.0109821875,1.33622239010989
0.8220000000000001,1.009164375,1.333257967032967
0.8230000000000001,1.0073465625,1.330293543956044
0.8240000000000001,1.00552875,1.327329120879121
0.8250000000000001,1.0037109375,1.324364697802198
0.8260000000000001,1.00192125,1.3214456043956044
0.8270000000000001,1.0001315625,1.318526510989011
0.8280000000000001,0.998341875,1.3156074175824175
0.8290000000000001,0.9965521875,1.312688324175824
0.8300000000000001,0.9947625,1.3097692307692306
0.8310000000000001,0.9930065625,1.3069028846153845
0.8320000000000001,0.991250625,1.3040365384615382
0.833,0.9894946875,1.3011701923076926
0.834,0.9877387500000002,1.2983038461538463
0.835,0.9859828125000002,1.2954375000000002
0.836,0.9842662500000002,1.292631318681319
0.837,0.9825496875000002,1.2898251373626377
0.838,0.9808331250000002,1.2870189560439562
0.839,0.9791165625,1.284212774725275
0.84,0.9774000000000002,1.2814065934065937
0.841,0.9757284375000002,1.2786679945054948
0.842,0.9740568750000002,1.2759293956043958
0.843,0.9723853125000002,1.273190796703297
0.844,0.9707137500000002,1.270452197802198
0.845,0.9690421875000002,1.267713598901099
0.846,0.96742125,1.2650500000000002
0.847,0.9658003125,1.2623864010989012
0.848,0.964179375,1.2597228021978024
0.849,0.9625584375,1.2570592032967034
0.85,0.9609375,1.2543956043956046
0.851,0.9593728125,1.2518144230769233
0.852,0.957808125,1.249233241758242
0.853,0.9562434375,1.2466520604395608
0.854,0.95467875,1.2440708791208794
0.855,0.9531140625,1.241489697802198
0.856,0.95161125,1.2389983516483518
0.857,0.9501084375,1.2365070054945055
0.858,0.948605625,1.2340156593406597
0.859,0.9471028125,1.2315243131868132
0.86,0.9456,1.229032967032967
0.861,0.9441646875,1.2266388736263736
0.862,0.942729375,1.2242447802197802
0.863,0.9412940625,1.2218506868131869
0.864,0.93985875,1.2194565934065935
0.865,0.9384234375,1.2170625000000002
0.866,0.93706125,1.2147730769230771
0.867,0.9356990625,1.212483653846154
0.868,0.934336875,1.2101942307692308
0.869,0.9329746875,1.2079048076923078
0.87,0.9316125000000002,1.2056153846153848
0.871,0.9303290625,1.2034380494505497
0.872,0.929045625,1.2012607142857143
0.873,0.9277621875,1.1990833791208793
0.874,0.92647875,1.196906043956044
0.875,0.9251953125,1.1947287087912088
0.876,0.92399625,1.192670879120879
0.877,0.9227971875,1.1906130494505494
0.878,0.921598125,1.1885552197802198
0.879,0.9203990625,1.18649739010989
0.88,0.9192,1.1844395604395603
0.881,0.9180909375,1.1825086538461538
0.882,0.916981875,1.180577747252747
0.883,0.9158728125,1.1786468406593404
0.884,0.91476375,1.1767159340659337
0.885,0.9136546875,1.174785027472527
0.886,0.91264125,1.1729884615384611
0.887,0.9116278125,1.1711918956043952
0.888,0.910614375,1.1693953296703294
0.889,0.9096009375,1.1675987637362637
0.89,0.9085875,1.1658021978021975
0.891,0.9076753125,1.1641473901098898
0.892,0.906763125,1.1624925824175822
0.893,0.9058509375,1.1608377747252745
0.894,0.90493875,1.159182967032967
0.895,0.9040265625,1.1575281593406592
0.896,0.90322125,1.156022527472527
0.897,0.9024159375,1.1545168956043954
0.898,0.901610625,1.1530112637362635
0.899,0.9008053125,1.1515056318681318
0.9,0.9,1.15
0.901,0.899250625,1.1485775892857142
0.902,0.89850125,1.1471551785714285
0.903,0.897751875,1.1457327678571427
0.904,0.8970025,1.144310357142857
0.905,0.896253125,1.1428879464285713
0.906,0.8955075,1.1414810714285712
0.907,0.894761875,1.1400741964285712
0.908,0.89401625,1.1386673214285714
0.909,0.893270625,1.1372604464285714
0.91,0.892525,1.1358535714285714
0.911,0.891786875,1.1344670535714283
0.912,0.8910487500000001,1.1330805357142857
0.913,0.890310625,1.1316940178571429
0.914,0.8895725000000001,1.1303075
0.915,0.8888343750000001,1.1289209821428572
0.916,0.8881075,1.1275596428571428
0.917,0.887380625,1.1261983035714287
0.918,0.88665375,1.1248369642857143
0.919,0.885926875,1.1234756250000002
0.92,0.8852,1.1221142857142858
0.921,0.884488125,1.1207829464285717
0.922,0.8837762499999999,1.119451607142857
0.923,0.883064375,1.1181202678571427
0.924,0.8823525,1.1167889285714283
0.925,0.881640625,1.115457589285714
0.926,0.8809475,1.114161071428571
0.927,0.8802543749999999,1.1128645535714283
0.928,0.87956125,1.1115680357142854
0.929,0.8788681249999999,1.1102715178571427
0.93,0.8781749999999999,1.1089749999999998
0.931,0.877504375,1.107718125
0.932,0.87683375,1.10646125
0.933,0.876163125,1.1052043749999998
0.934,0.8754925,1.1039475
0.935,0.8748218750000001,1.102690625
0.936,0.8741775,1.1014782142857142
0.937,0.873533125,1.1002658035714286
0.938,0.87288875,1.0990533928571429
0.939,0.872244375,1.0978409821428572
0.94,0.8715999999999999,1.0966285714285713
0.941,0.870985625,1.0954654464285714
0.942,0.8703712499999999,1.0943023214285714
0.943,0.869756875,1.0931391964285713
0.944,0.8691424999999999,1.0919760714285711
0.945,0.8685281249999999,1.0908129464285712
0.946,0.8679474999999999,1.0897039285714285
0.947,0.8673668749999999,1.0885949107142854
0.948,0.8667862499999999,1.0874858928571425
0.949,0.8662056249999999,1.0863768749999996
0.95,0.8656249999999999,1.085267857142857
0.951,0.8650818749999999,1.0842177678571423
0.952,0.8645387499999999,1.0831676785714284
0.953,0.8639956249999998,1.082117589285714
0.954,0.8634524999999998,1.0810674999999998
0.955,0.8629093749999998,1.0800174107142857
0.956,0.8624074999999998,1.0790310714285714
0.957,0.8619056249999998,1.078044732142857
0.958,0.8614037499999998,1.0770583928571429
0.959,0.8609018749999999,1.0760720535714283
0.96,0.8603999999999999,1.0750857142857142
0.961,0.8599431249999999,1.0741679464285714
0.962,0.85948625,1.0732501785714286
0.963,0.859029375,1.0723324107142855
0.964,0.8585725000000001,1.0714146428571427
0.965,0.858115625,1.070496875
0.966,0.8577075000000001,1.0696525
0.967,0.8572993750000001,1.068808125
0.968,0.85689125,1.06796375
0.969,0.856483125,1.067119375
0.97,0.856075,1.066275
0.971,0.8557193750000001,1.0655088392857144
0.972,0.85536375,1.064742678571429
0.973,0.855008125,1.063976517857143
0.974,0.8546524999999999,1.0632103571428573
0.975,0.854296875,1.0624441964285716
0.976,0.8539975,1.0617610714285717
0.977,0.853698125,1.0610779464285716
0.978,0.8533987499999999,1.0603948214285717
0.979,0.8530993749999999,1.0597116964285715
0.98,0.8527999999999999,1.0590285714285717
0.981,0.8525606249999998,1.0584333035714288
0.982,0.8523212499999999,1.0578380357142858
0.983,0.8520818749999999,1.057242767857143
0.984,0.8518425,1.0566475
0.985,0.8516031249999999,1.0560522321428572
0.986,0.8514274999999999,1.055549642857143
0.987,0.8512518749999999,1.0550470535714287
0.988,0.85107625,1.0545444642857142
0.989,0.850900625,1.054041875
0.99,0.850725,1.0535392857142858
0.991,0.8506168749999999,1.0531341964285714
0.992,0.8505087499999999,1.052729107142857
0.993,0.850400625,1.052324017857143
0.994,0.8502925,1.0519189285714283
0.995,0.850184375,1.0515138392857142
0.996,0.8501475,1.0512110714285714
0.997,0.850110625,1.0509083035714286
0.998,0.85007375,1.0506055357142856
0.999,0.850036875,1.0503027678571428
1.0,0.85,1.05